conf0-8-./str00,0,-361.64352149,0.825532
conf1-7-./str00,.125,-361.87443079,0.768838
conf1-7-./str01,.125,-361.81982112,0.766491
conf2-6-./batchseries00/batch00-01,.250,-362.23541220,0.801828
conf2-6-./batchseries00/batch00-02,.250,-361.99115303,0.734334
conf2-6-./batchseries00/batch00-03,.250,-362.04355873,0.733711
conf2-6-./batchseries00/batch00-04,.250,-362.19232616,0.797343
conf2-6-./batchseries00/batch00-05,.250,-362.12968891,0.802751
conf2-6-./batchseries00/batch00-06,.250,-361.89664227,0.66889
conf2-6-./batchseries00/batch00-07,.250,-362.03085437,0.735752
conf2-6-./batchseries00/batch00-08,.250,-362.05612424,0.804482
conf2-6-./batchseries00/batch00-09,.250,-361.95204465,0.740977
conf2-6-./batchseries00/batch00-10,.250,-361.99064669,0.731199
conf3-5-./batchseries00/batch00-01,.375,-362.06012152,0.711317
conf3-5-./batchseries00/batch00-02,.375,-362.28064223,0.733115
conf3-5-./batchseries00/batch00-03,.375,-362.40914142,0.747745
conf3-5-./batchseries00/batch00-04,.375,-362.43005280,0.818523
conf3-5-./batchseries00/batch00-05,.375,-362.35447923,0.738605
conf3-5-./batchseries00/batch00-06,.375,-362.31783500,0.751612
conf3-5-./batchseries00/batch00-07,.375,-362.35514520,0.750061
conf3-5-./batchseries00/batch00-08,.375,-362.27045907,0.755086
conf3-5-./batchseries00/batch00-09,.375,-362.37816913,0.748362
conf3-5-./batchseries00/batch00-10,.375,-362.18148024,0.631995
conf3-5-./batchseries00/batch01-01,.375,-362.36582187,0.803474
conf3-5-./batchseries00/batch01-02,.375,-362.36698212,0.747139
conf3-5-./batchseries00/batch01-03,.375,-362.37829178,0.753929
conf3-5-./batchseries00/batch01-04,.375,-362.40571825,0.824274
conf3-5-./batchseries00/batch01-05,.375,-362.42909167,0.810552
conf3-5-./batchseries00/batch01-06,.375,-362.00999396,0.651931
conf3-5-./batchseries00/batch01-07,.375,-362.44900715,0.825822
conf3-5-./batchseries00/batch01-08,.375,-362.08501195,0.710301
conf3-5-./batchseries00/batch01-09,.375,-362.32447692,0.818426
conf3-5-./batchseries00/batch01-10,.375,-361.95691855,0.647143
conf3-5-./batchseries00/batch02-01,.375,-362.37313127,0.789224
conf3-5-./batchseries00/batch02-02,.375,-362.28947413,0.736119
conf3-5-./batchseries00/batch02-03,.375,-362.06344276,0.659173
conf3-5-./batchseries00/batch02-04,.375,-362.37917692,0.750085
conf3-5-./batchseries00/batch02-05,.375,-362.33572671,0.743298
conf3-5-./batchseries00/batch02-06,.375,-362.42125874,0.828859
conf3-5-./batchseries00/batch02-07,.375,-362.29867678,0.746052
conf3-5-./batchseries00/batch02-08,.375,-362.30266260,0.746678
conf3-5-./batchseries00/batch02-09,.375,-362.43617286,0.795711
conf3-5-./batchseries00/batch02-10,.375,-362.38821364,0.7906
conf3-5-./batchseries00/batch03-01,.375,-362.32814214,0.746466
conf3-5-./batchseries00/batch03-02,.375,-362.03244946,0.654604
conf3-5-./batchseries00/batch03-03,.375,-362.35277626,0.753082
conf3-5-./batchseries00/batch03-04,.375,-362.40705609,0.815125
conf3-5-./batchseries00/batch03-05,.375,-362.07093158,0.708518
conf3-5-./batchseries00/batch03-06,.375,-362.45865520,0.797674
conf3-5-./batchseries00/batch03-07,.375,-362.31421552,0.74336
conf3-5-./batchseries00/batch03-08,.375,-362.34223516,0.74711
conf3-5-./batchseries00/batch03-09,.375,-362.39434497,0.809788
conf3-5-./batchseries00/batch03-10,.375,-362.36642134,0.831919
conf3-5-./batchseries00/batch04-01,.375,-362.42615671,0.80515
conf3-5-./batchseries00/batch04-02,.375,-362.11246388,0.711695
conf3-5-./batchseries00/batch04-03,.375,-362.33209505,0.749897
conf3-5-./batchseries00/batch04-04,.375,-362.33352345,0.741077
conf3-5-./batchseries00/batch04-05,.375,-362.36067043,0.80706
conf3-5-./batchseries00/batch04-06,.375,-362.39036009,0.821561
conf3-5-./batchseries00/batch04-07,.375,-362.38695412,0.808999
conf3-5-./batchseries00/batch04-08,.375,-362.30392026,0.750195
conf3-5-./batchseries00/batch04-09,.375,-362.34724732,0.749215
conf3-5-./batchseries00/batch04-10,.375,-362.33368680,0.750833
conf4-4-./batchseries00/batch00-01,.500,-362.51224885,0.777719
conf4-4-./batchseries00/batch00-02,.500,-362.43749392,0.680445
conf4-4-./batchseries00/batch00-03,.500,-362.50746225,0.714725
conf4-4-./batchseries00/batch00-04,.500,-362.36682503,0.722619
conf4-4-./batchseries00/batch00-05,.500,-362.63304661,0.882048
conf4-4-./batchseries00/batch00-06,.500,-362.58200752,0.805902
conf4-4-./batchseries00/batch00-07,.500,-362.64264686,0.794439
conf4-4-./batchseries00/batch00-08,.500,-362.76056425,0.867836
conf4-4-./batchseries00/batch00-09,.500,-362.40517114,0.709951
conf4-4-./batchseries00/batch00-10,.500,-362.06416936,0.650973
conf4-4-./batchseries00/batch01-01,.500,-362.53754454,0.739356
conf4-4-./batchseries00/batch01-02,.500,-362.49142303,0.770215
conf4-4-./batchseries00/batch01-03,.500,-362.46844211,0.698032
conf4-4-./batchseries00/batch01-04,.500,-362.45167271,0.753369
conf4-4-./batchseries00/batch01-05,.500,-362.64850899,0.794467
conf4-4-./batchseries00/batch01-06,.500,-362.76448689,0.852209
conf4-4-./batchseries00/batch01-07,.500,-362.43477226,0.762836
conf4-4-./batchseries00/batch01-08,.500,-362.62696780,0.798846
conf4-4-./batchseries00/batch01-09,.500,-362.59369440,0.795102
conf4-4-./batchseries00/batch01-10,.500,-362.69737963,0.796635
conf4-4-./batchseries01/batch00-01,.500,-362.23816061,0.656796
conf4-4-./batchseries01/batch00-02,.500,-362.47232086,0.769664
conf4-4-./batchseries01/batch00-03,.500,-362.56179813,0.807115
conf4-4-./batchseries01/batch00-04,.500,-362.11282717,0.645583
conf4-4-./batchseries01/batch00-05,.500,-362.66985607,0.850301
conf4-4-./batchseries01/batch00-06,.500,-362.55306659,0.755613
conf4-4-./batchseries01/batch00-07,.500,-362.65534109,0.82789
conf4-4-./batchseries01/batch00-08,.500,-362.49368305,0.699642
conf4-4-./batchseries01/batch00-09,.500,-362.64818188,0.819752
conf4-4-./batchseries01/batch00-10,.500,-362.60338679,0.79165
conf4-4-./batchseries01/batch01-01,.500,-362.45306096,0.762717
conf4-4-./batchseries01/batch01-02,.500,-362.57459749,0.804641
conf4-4-./batchseries01/batch01-03,.500,-362.38848782,0.711522
conf4-4-./batchseries01/batch01-04,.500,-362.56059523,0.765731
conf4-4-./batchseries01/batch01-05,.500,-362.41624306,0.753631
conf4-4-./batchseries01/batch01-06,.500,-362.59607101,0.785574
conf4-4-./batchseries01/batch01-07,.500,-362.47046922,0.757845
conf4-4-./batchseries01/batch01-08,.500,-362.53152006,0.825835
conf4-4-./batchseries01/batch01-09,.500,-362.65762242,0.811478
conf4-4-./batchseries01/batch01-10,.500,-362.63782667,0.879966
conf4-4-./batchseries02/batch00-01,.500,-362.53559748,0.772004
conf4-4-./batchseries02/batch00-02,.500,-362.73518949,0.877307
conf4-4-./batchseries02/batch00-03,.500,-362.77124456,0.857271
conf4-4-./batchseries02/batch00-04,.500,-362.59740992,0.784615
conf4-4-./batchseries02/batch00-05,.500,-362.54117909,0.747079
conf4-4-./batchseries02/batch00-06,.500,-362.66000813,0.850157
conf4-4-./batchseries02/batch00-07,.500,-362.57699763,0.799914
conf4-4-./batchseries02/batch00-08,.500,-362.54802117,0.788466
conf4-4-./batchseries02/batch00-09,.500,-362.55574823,0.771838
conf4-4-./batchseries02/batch00-10,.500,-362.52927156,0.751328
conf4-4-./batchseries02/batch01-01,.500,-362.54228611,0.817042
conf4-4-./batchseries02/batch01-02,.500,-362.67742185,0.805073
conf4-4-./batchseries02/batch01-03,.500,-362.79956414,0.831688
conf4-4-./batchseries02/batch01-04,.500,-362.55646665,0.829339
conf4-4-./batchseries02/batch01-05,.500,-362.74792917,0.879447
conf4-4-./batchseries02/batch01-06,.500,-362.06540702,0.641053
conf4-4-./batchseries02/batch01-07,.500,-362.26655364,0.714447
conf4-4-./batchseries02/batch01-08,.500,-362.59524529,0.825213
conf4-4-./batchseries02/batch01-09,.500,-362.43184275,0.683256
conf4-4-./batchseries02/batch01-10,.500,-362.37125632,0.763276
conf4-4-./batchseries03/batch00-01,.500,-362.42249077,0.748463
conf4-4-./batchseries03/batch00-02,.500,-361.84289000,0.547069
conf4-4-./batchseries03/batch00-03,.500,-362.51996130,0.757715
conf4-4-./batchseries03/batch00-04,.500,-361.96399349,0.608897
conf4-4-./batchseries03/batch00-05,.500,-362.54299515,0.784599
conf4-4-./batchseries03/batch00-06,.500,-362.56053558,0.766262
conf4-4-./batchseries03/batch00-07,.500,-362.35787625,0.644021
conf4-4-./batchseries03/batch00-08,.500,-362.65678783,0.800756
conf4-4-./batchseries03/batch00-09,.500,-362.36682205,0.715205
conf4-4-./batchseries03/batch00-10,.500,-362.61873502,0.753431
conf4-4-./batchseries03/batch01-01,.500,-362.42809234,0.766734
conf4-4-./batchseries03/batch01-02,.500,-362.51715455,0.796974
conf4-4-./batchseries03/batch01-03,.500,-362.30460012,0.669419
conf4-4-./batchseries03/batch01-04,.500,-362.42012026,0.68783
conf4-4-./batchseries03/batch01-05,.500,-362.33931741,0.656828
conf4-4-./batchseries03/batch01-06,.500,-362.59036768,0.78833
conf4-4-./batchseries03/batch01-07,.500,-362.44040179,0.727581
conf4-4-./batchseries03/batch01-08,.500,-362.67709954,0.859982
conf4-4-./batchseries03/batch01-09,.500,-362.37649324,0.722128
conf4-4-./batchseries03/batch01-10,.500,-362.50810791,0.699725
conf4-4-./batchseries04/batch00-01,.500,-362.53437872,0.74503
conf4-4-./batchseries04/batch00-02,.500,-362.41303615,0.762592
conf4-4-./batchseries04/batch00-03,.500,-362.54118096,0.817119
conf4-4-./batchseries04/batch00-04,.500,-362.45557269,0.77038
conf4-4-./batchseries04/batch00-05,.500,-362.61995203,0.796192
conf4-4-./batchseries04/batch00-06,.500,-362.47175663,0.74977
conf4-4-./batchseries04/batch00-07,.500,-362.65410483,0.826378
conf4-4-./batchseries04/batch00-08,.500,-362.65228541,0.80622
conf4-4-./batchseries04/batch00-09,.500,-362.54332409,0.7738
conf4-4-./batchseries04/batch00-10,.500,-362.50662875,0.768749
conf4-4-./batchseries04/batch01-01,.500,-362.62350680,0.82171
conf4-4-./batchseries04/batch01-02,.500,-362.34678823,0.649542
conf4-4-./batchseries04/batch01-03,.500,-362.54806587,0.744835
conf4-4-./batchseries04/batch01-04,.500,-362.66197478,0.811237
conf4-4-./batchseries04/batch01-05,.500,-362.66229240,0.822225
conf4-4-./batchseries04/batch01-06,.500,-362.59010075,0.764213
conf4-4-./batchseries04/batch01-07,.500,-362.71020104,0.82911
conf4-4-./batchseries04/batch01-08,.500,-362.53581547,0.766951
conf4-4-./batchseries04/batch01-09,.500,-362.68865908,0.798252
conf4-4-./batchseries04/batch01-10,.500,-362.54094905,0.814349
conf5-3-./batchseries00/batch00-01,.625,-362.60358301,0.760966
conf5-3-./batchseries00/batch00-02,.625,-362.75301040,0.783006
conf5-3-./batchseries00/batch00-03,.625,-362.34409883,0.636295
conf5-3-./batchseries00/batch00-04,.625,-362.74779871,0.738701
conf5-3-./batchseries00/batch00-05,.625,-362.61555155,0.699405
conf5-3-./batchseries00/batch00-06,.625,-362.96491383,0.830561
conf5-3-./batchseries00/batch00-07,.625,-362.67554414,0.796239
conf5-3-./batchseries00/batch00-08,.625,-362.62877489,0.695254
conf5-3-./batchseries00/batch00-09,.625,-362.69886076,0.733502
conf5-3-./batchseries00/batch00-10,.625,-362.76479711,0.809164
conf5-3-./batchseries00/batch01-01,.625,-362.48988836,0.760755
conf5-3-./batchseries00/batch01-02,.625,-362.91119975,0.825485
conf5-3-./batchseries00/batch01-03,.625,-362.79057539,0.81311
conf5-3-./batchseries00/batch01-04,.625,-362.65532363,0.760367
conf5-3-./batchseries00/batch01-05,.625,-362.79320156,0.828462
conf5-3-./batchseries00/batch01-06,.625,-362.52300176,0.705594
conf5-3-./batchseries00/batch01-07,.625,-362.52934821,0.788031
conf5-3-./batchseries00/batch01-08,.625,-362.43993794,0.713907
conf5-3-./batchseries00/batch01-09,.625,-362.74722139,0.810095
conf5-3-./batchseries00/batch01-10,.625,-362.84068030,0.827691
conf5-3-./batchseries01/batch00-01,.625,-362.87869511,0.800048
conf5-3-./batchseries01/batch00-02,.625,-362.84066610,0.804309
conf5-3-./batchseries01/batch00-03,.625,-362.72555730,0.736879
conf5-3-./batchseries01/batch00-04,.625,-362.44457325,0.653597
conf5-3-./batchseries01/batch00-05,.625,-362.85422270,0.819812
conf5-3-./batchseries01/batch00-06,.625,-362.61812147,0.709551
conf5-3-./batchseries01/batch00-07,.625,-362.80273278,0.786645
conf5-3-./batchseries01/batch00-08,.625,-362.88581350,0.81595
conf5-3-./batchseries01/batch00-09,.625,-362.73165658,0.732136
conf5-3-./batchseries01/batch00-10,.625,-362.75130516,0.778045
conf5-3-./batchseries01/batch01-01,.625,-362.85108632,0.786684
conf5-3-./batchseries01/batch01-02,.625,-362.76886918,0.833056
conf5-3-./batchseries01/batch01-03,.625,-362.58499674,0.730759
conf5-3-./batchseries01/batch01-04,.625,-362.76428047,0.821875
conf5-3-./batchseries01/batch01-05,.625,-362.86176799,0.855183
conf5-3-./batchseries01/batch01-06,.625,-362.85383350,0.80396
conf5-3-./batchseries01/batch01-07,.625,-362.78664810,0.808917
conf5-3-./batchseries01/batch01-08,.625,-362.73382142,0.813795
conf5-3-./batchseries01/batch01-09,.625,-362.88046261,0.830986
conf5-3-./batchseries01/batch01-10,.625,-362.68145082,0.750316
conf5-3-./batchseries02/batch00-01,.625,-362.79019913,0.811893
conf5-3-./batchseries02/batch00-02,.625,-362.43603366,0.656425
conf5-3-./batchseries02/batch00-03,.625,-362.81770940,0.81805
conf5-3-./batchseries02/batch00-04,.625,-362.64381934,0.693245
conf5-3-./batchseries02/batch00-05,.625,-362.79185474,0.825622
conf5-3-./batchseries02/batch00-06,.625,-362.77648522,0.843588
conf5-3-./batchseries02/batch00-07,.625,-362.68470528,0.769704
conf5-3-./batchseries02/batch00-08,.625,-362.38662661,0.629095
conf5-3-./batchseries02/batch00-09,.625,-362.59420694,0.755371
conf5-3-./batchseries02/batch00-10,.625,-362.53938474,0.709793
conf5-3-./batchseries02/batch01-01,.625,-362.31301084,0.649004
conf5-3-./batchseries02/batch01-02,.625,-362.89691302,0.801318
conf5-3-./batchseries02/batch01-03,.625,-362.44426120,0.655134
conf5-3-./batchseries02/batch01-04,.625,-362.79137125,0.790599
conf5-3-./batchseries02/batch01-05,.625,-362.44807725,0.700119
conf5-3-./batchseries02/batch01-06,.625,-362.81119580,0.812848
conf5-3-./batchseries02/batch01-07,.625,-362.68264786,0.776343
conf5-3-./batchseries02/batch01-08,.625,-362.80094924,0.786264
conf5-3-./batchseries02/batch01-09,.625,-362.85268858,0.811428
conf5-3-./batchseries02/batch01-10,.625,-362.53041947,0.721091
conf5-3-./batchseries03/batch00-01,.625,-362.67836357,0.783127
conf5-3-./batchseries03/batch00-02,.625,-362.64667218,0.710981
conf5-3-./batchseries03/batch00-03,.625,-362.83934112,0.796717
conf5-3-./batchseries03/batch00-04,.625,-362.86765602,0.802018
conf5-3-./batchseries03/batch00-05,.625,-362.78118461,0.829986
conf5-3-./batchseries03/batch00-06,.625,-362.70127105,0.769335
conf5-3-./batchseries03/batch00-07,.625,-362.44094177,0.7315
conf5-3-./batchseries03/batch00-08,.625,-362.94613667,0.838086
conf5-3-./batchseries03/batch00-09,.625,-362.49835811,0.782309
conf5-3-./batchseries03/batch00-10,.625,-362.69590972,0.723716
conf5-3-./batchseries03/batch01-01,.625,-362.82235457,0.807774
conf5-3-./batchseries03/batch01-02,.625,-362.55809042,0.733057
conf5-3-./batchseries03/batch01-03,.625,-362.74731487,0.741816
conf5-3-./batchseries03/batch01-04,.625,-362.50613439,0.747155
conf5-3-./batchseries03/batch01-05,.625,-362.89723802,0.813813
conf5-3-./batchseries03/batch01-06,.625,-362.61385391,0.698248
conf5-3-./batchseries03/batch01-07,.625,-362.61193002,0.700257
conf5-3-./batchseries03/batch01-08,.625,-362.80178833,0.805785
conf5-3-./batchseries03/batch01-09,.625,-362.83849687,0.827188
conf5-3-./batchseries03/batch01-10,.625,-362.83088473,0.843245
conf5-3-./batchseries04/batch00-01,.625,-362.85708078,0.794724
conf5-3-./batchseries04/batch00-02,.625,-362.86185567,0.809248
conf5-3-./batchseries04/batch00-03,.625,-362.79806477,0.811153
conf5-3-./batchseries04/batch00-04,.625,-362.70324383,0.731287
conf5-3-./batchseries04/batch00-05,.625,-363.00281492,0.851365
conf5-3-./batchseries04/batch00-06,.625,-362.66022674,0.721705
conf5-3-./batchseries04/batch00-07,.625,-362.90671577,0.868726
conf5-3-./batchseries04/batch00-08,.625,-362.81241199,0.845233
conf5-3-./batchseries04/batch00-09,.625,-362.71712519,0.728382
conf5-3-./batchseries04/batch00-10,.625,-362.78142516,0.82881
conf5-3-./batchseries04/batch01-01,.625,-362.81941758,0.850362
conf5-3-./batchseries04/batch01-02,.625,-362.79640872,0.824615
conf5-3-./batchseries04/batch01-03,.625,-362.83639228,0.825687
conf5-3-./batchseries04/batch01-04,.625,-362.85432525,0.812147
conf5-3-./batchseries04/batch01-05,.625,-362.78069113,0.732351
conf5-3-./batchseries04/batch01-06,.625,-362.69429050,0.760202
conf5-3-./batchseries04/batch01-07,.625,-362.46830018,0.707931
conf5-3-./batchseries04/batch01-08,.625,-362.36074778,0.676277
conf5-3-./batchseries04/batch01-09,.625,-362.70067809,0.727969
conf5-3-./batchseries04/batch01-10,.625,-362.60687225,0.735334
conf5-3-./batchseries05/batch00-01,.625,-362.81940072,0.792327
conf5-3-./batchseries05/batch00-02,.625,-362.83930415,0.785639
conf5-3-./batchseries05/batch00-03,.625,-362.66535529,0.797406
conf5-3-./batchseries05/batch00-04,.625,-362.53444668,0.753589
conf5-3-./batchseries05/batch00-05,.625,-362.53600459,0.722096
conf5-3-./batchseries05/batch00-06,.625,-362.55988779,0.720439
conf5-3-./batchseries05/batch00-07,.625,-362.81479598,0.794612
conf5-3-./batchseries05/batch00-08,.625,-362.88919938,0.823287
conf5-3-./batchseries05/batch00-09,.625,-362.38636385,0.591445
conf5-3-./batchseries05/batch00-10,.625,-362.73610432,0.756289
conf5-3-./batchseries05/batch01-01,.625,-362.80002993,0.816891
conf5-3-./batchseries05/batch01-02,.625,-362.45322080,0.769986
conf5-3-./batchseries05/batch01-03,.625,-362.85716489,0.827458
conf5-3-./batchseries05/batch01-04,.625,-362.77261863,0.789595
conf5-3-./batchseries05/batch01-05,.625,-362.61264432,0.700387
conf5-3-./batchseries05/batch01-06,.625,-362.82645171,0.855213
conf5-3-./batchseries05/batch01-07,.625,-362.76653842,0.800959
conf5-3-./batchseries05/batch01-08,.625,-362.60592745,0.708377
conf5-3-./batchseries05/batch01-09,.625,-362.79354893,0.812133
conf5-3-./batchseries05/batch01-10,.625,-362.62453827,0.699657
conf5-3-./batchseries06/batch00-01,.625,-362.88102121,0.808831
conf5-3-./batchseries06/batch00-02,.625,-362.91926973,0.843982
conf5-3-./batchseries06/batch00-03,.625,-362.92195318,0.857537
conf5-3-./batchseries06/batch00-04,.625,-362.87653733,0.848188
conf5-3-./batchseries06/batch00-05,.625,-362.97851762,0.853877
conf5-3-./batchseries06/batch00-06,.625,-362.83209682,0.827229
conf5-3-./batchseries06/batch00-07,.625,-362.75324555,0.74428
conf5-3-./batchseries06/batch00-08,.625,-362.90226666,0.83565
conf5-3-./batchseries06/batch00-09,.625,-362.66119724,0.743968
conf5-3-./batchseries06/batch00-10,.625,-362.62197936,0.777361
conf5-3-./batchseries06/batch01-01,.625,-362.77823223,0.79311
conf5-3-./batchseries06/batch01-02,.625,-362.41277458,0.642641
conf5-3-./batchseries06/batch01-03,.625,-362.81973254,0.823191
conf5-3-./batchseries06/batch01-04,.625,-362.67343282,0.700158
conf5-3-./batchseries06/batch01-05,.625,-362.52328939,0.678441
conf5-3-./batchseries06/batch01-06,.625,-362.70213867,0.824629
conf5-3-./batchseries06/batch01-07,.625,-362.62231169,0.748915
conf5-3-./batchseries06/batch01-08,.625,-362.72852870,0.7212
conf5-3-./batchseries06/batch01-09,.625,-362.77918694,0.782162
conf5-3-./batchseries06/batch01-10,.625,-362.72286490,0.728245
conf5-3-./batchseries07/batch00-01,.625,-362.89845045,0.854417
conf5-3-./batchseries07/batch00-02,.625,-362.65794736,0.729606
conf5-3-./batchseries07/batch00-03,.625,-362.74457958,0.809817
conf5-3-./batchseries07/batch00-04,.625,-362.37124037,0.696854
conf5-3-./batchseries07/batch00-05,.625,-362.36598091,0.715496
conf5-3-./batchseries07/batch00-06,.625,-362.67794910,0.761162
conf5-3-./batchseries07/batch00-07,.625,-362.64476005,0.723829
conf5-3-./batchseries07/batch00-08,.625,-362.41683561,0.57723
conf5-3-./batchseries07/batch00-09,.625,-362.73883424,0.849853
conf5-3-./batchseries07/batch00-10,.625,-362.93513325,0.84739
conf5-3-./batchseries07/batch01-01,.625,-362.65405982,0.711751
conf5-3-./batchseries07/batch01-02,.625,-362.69581462,0.826629
conf5-3-./batchseries07/batch01-03,.625,-362.38275973,0.578417
conf5-3-./batchseries07/batch01-04,.625,-362.76248569,0.870763
conf5-3-./batchseries07/batch01-05,.625,-362.66339691,0.69334
conf5-3-./batchseries07/batch01-06,.625,-362.74449040,0.845666
conf5-3-./batchseries07/batch01-07,.625,-362.84725312,0.820757
conf5-3-./batchseries07/batch01-08,.625,-362.55741041,0.692595
conf5-3-./batchseries07/batch01-09,.625,-362.60338060,0.724479
conf5-3-./batchseries07/batch01-10,.625,-363.00938012,0.835324
conf5-3-./batchseries08/batch00-01,.625,-362.41480288,0.573807
conf5-3-./batchseries08/batch00-02,.625,-362.90477376,0.833484
conf5-3-./batchseries08/batch00-03,.625,-362.61544076,0.747728
conf5-3-./batchseries08/batch00-04,.625,-362.78239975,0.798173
conf5-3-./batchseries08/batch00-05,.625,-362.55462863,0.753432
conf5-3-./batchseries08/batch00-06,.625,-362.40931994,0.591224
conf5-3-./batchseries08/batch00-07,.625,-362.94016450,0.826183
conf5-3-./batchseries08/batch00-08,.625,-362.61209756,0.738458
conf5-3-./batchseries08/batch00-09,.625,-362.59727108,0.699624
conf5-3-./batchseries08/batch00-10,.625,-362.79092647,0.81634
conf5-3-./batchseries08/batch01-01,.625,-362.66315772,0.748002
conf5-3-./batchseries08/batch01-02,.625,-362.63480145,0.696484
conf5-3-./batchseries08/batch01-03,.625,-362.70017719,0.781546
conf5-3-./batchseries08/batch01-04,.625,-362.52632695,0.763499
conf5-3-./batchseries08/batch01-05,.625,-362.76448519,0.845837
conf5-3-./batchseries08/batch01-06,.625,-362.79398830,0.807073
conf5-3-./batchseries08/batch01-07,.625,-362.56562287,0.773455
conf5-3-./batchseries08/batch01-08,.625,-362.42096912,0.575058
conf5-3-./batchseries08/batch01-09,.625,-362.98584398,0.825991
conf5-3-./batchseries08/batch01-10,.625,-362.79897202,0.792589
conf5-3-./batchseries09/batch00-01,.625,-362.81663704,0.853217
conf5-3-./batchseries09/batch00-02,.625,-362.71473926,0.74135
conf5-3-./batchseries09/batch00-03,.625,-362.76022942,0.797139
conf5-3-./batchseries09/batch00-04,.625,-362.93990067,0.837986
conf5-3-./batchseries09/batch00-05,.625,-362.90400520,0.825907
conf5-3-./batchseries09/batch00-06,.625,-362.91309860,0.841384
conf5-3-./batchseries09/batch00-07,.625,-362.90283320,0.833408
conf5-3-./batchseries09/batch00-08,.625,-362.82295562,0.847906
conf5-3-./batchseries09/batch00-09,.625,-362.74345753,0.810464
conf5-3-./batchseries09/batch00-10,.625,-362.80572264,0.817615
conf5-3-./batchseries09/batch01-01,.625,-362.85051199,0.794209
conf5-3-./batchseries09/batch01-02,.625,-362.71497323,0.718223
conf5-3-./batchseries09/batch01-03,.625,-362.84022967,0.797881
conf5-3-./batchseries09/batch01-04,.625,-362.77073473,0.848291
conf5-3-./batchseries09/batch01-05,.625,-362.54904062,0.676568
conf5-3-./batchseries09/batch01-06,.625,-362.86110501,0.870889
conf5-3-./batchseries09/batch01-07,.625,-362.71920717,0.795398
conf5-3-./batchseries09/batch01-08,.625,-362.80278827,0.856948
conf5-3-./batchseries09/batch01-09,.625,-362.86258239,0.82931
conf5-3-./batchseries09/batch01-10,.625,-362.84079730,0.812616
conf5-3-./batchseries10/batch00-01,.625,-362.89445483,0.793704
conf5-3-./batchseries10/batch00-02,.625,-362.75681572,0.786654
conf5-3-./batchseries10/batch00-03,.625,-362.92345044,0.836585
conf5-3-./batchseries10/batch00-04,.625,-362.71971434,0.730701
conf5-3-./batchseries10/batch00-05,.625,-362.71033828,0.721368
conf5-3-./batchseries10/batch00-06,.625,-362.82479457,0.810482
conf5-3-./batchseries10/batch00-07,.625,-362.78713983,0.83924
conf5-3-./batchseries10/batch00-08,.625,-362.76686823,0.792898
conf5-3-./batchseries10/batch00-09,.625,-362.54066667,0.708722
conf5-3-./batchseries10/batch00-10,.625,-362.73559839,0.790298
conf5-3-./batchseries10/batch01-01,.625,-362.71686028,0.731467
conf5-3-./batchseries10/batch01-02,.625,-362.79715482,0.8387
conf5-3-./batchseries10/batch01-03,.625,-362.81564943,0.807334
conf5-3-./batchseries10/batch01-04,.625,-362.78764198,0.805135
conf5-3-./batchseries10/batch01-05,.625,-362.93067799,0.834277
conf5-3-./batchseries10/batch01-06,.625,-362.83024959,0.843574
conf5-3-./batchseries10/batch01-07,.625,-362.63819189,0.699991
conf5-3-./batchseries10/batch01-08,.625,-362.67828621,0.807257
conf5-3-./batchseries10/batch01-09,.625,-362.52674772,0.69619
conf5-3-./batchseries10/batch01-10,.625,-362.72953696,0.725129
conf5-3-./batchseries11/batch00-01,.625,-362.47312369,0.699727
conf5-3-./batchseries11/batch00-02,.625,-362.70216933,0.808004
conf5-3-./batchseries11/batch00-03,.625,-362.90600287,0.831784
conf5-3-./batchseries11/batch00-04,.625,-362.65012363,0.797102
conf5-3-./batchseries11/batch00-05,.625,-362.87825537,0.844063
conf5-3-./batchseries11/batch00-06,.625,-362.38425378,0.663662
conf5-3-./batchseries11/batch00-07,.625,-362.81763980,0.814169
conf5-3-./batchseries11/batch00-08,.625,-362.77713466,0.806228
conf5-3-./batchseries11/batch00-09,.625,-362.82940843,0.81173
conf5-3-./batchseries11/batch00-10,.625,-362.64946695,0.738165
conf5-3-./batchseries11/batch01-01,.625,-362.73437610,0.829606
conf5-3-./batchseries11/batch01-02,.625,-362.64469147,0.720222
conf5-3-./batchseries11/batch01-03,.625,-362.74442220,0.776959
conf5-3-./batchseries11/batch01-04,.625,-362.83720374,0.790067
conf5-3-./batchseries11/batch01-05,.625,-362.95580244,0.840855
conf5-3-./batchseries11/batch01-06,.625,-362.86219921,0.813011
conf5-3-./batchseries11/batch01-07,.625,-362.78741172,0.824277
conf5-3-./batchseries11/batch01-08,.625,-362.93629110,0.857703
conf5-3-./batchseries11/batch01-09,.625,-362.78926500,0.829307
conf5-3-./batchseries11/batch01-10,.625,-362.91870290,0.839903
conf5-3-./batchseries12/batch00-01,.625,-362.85122917,0.836132
conf5-3-./batchseries12/batch00-02,.625,-362.79749727,0.785776
conf5-3-./batchseries12/batch00-03,.625,-362.73902470,0.789701
conf5-3-./batchseries12/batch00-04,.625,-362.83947337,0.816645
conf5-3-./batchseries12/batch00-05,.625,-362.99275109,0.85318
conf5-3-./batchseries12/batch00-06,.625,-362.50527798,0.7091
conf5-3-./batchseries12/batch00-07,.625,-362.92674552,0.835424
conf5-3-./batchseries12/batch00-08,.625,-362.89161600,0.815025
conf5-3-./batchseries12/batch00-09,.625,-362.77637231,0.728285
conf5-3-./batchseries12/batch00-10,.625,-362.48954988,0.692988
conf5-3-./batchseries12/batch01-01,.625,-362.59279524,0.741585
conf5-3-./batchseries12/batch01-02,.625,-362.72895793,0.747932
conf5-3-./batchseries12/batch01-03,.625,-362.71102041,0.744501
conf5-3-./batchseries12/batch01-04,.625,-362.75706893,0.794328
conf5-3-./batchseries12/batch01-05,.625,-362.76925046,0.863486
conf5-3-./batchseries12/batch01-06,.625,-362.55006036,0.71348
conf5-3-./batchseries12/batch01-07,.625,-362.86012169,0.835329
conf5-3-./batchseries12/batch01-08,.625,-362.87626991,0.794848
conf5-3-./batchseries12/batch01-09,.625,-362.55838573,0.686469
conf5-3-./batchseries12/batch01-10,.625,-362.73510519,0.73061
conf5-3-./batchseries13/batch00-01,.625,-362.62309804,0.7175
conf5-3-./batchseries13/batch00-02,.625,-362.62242005,0.699213
conf5-3-./batchseries13/batch00-03,.625,-362.51413800,0.709374
conf5-3-./batchseries13/batch00-04,.625,-362.82355374,0.799825
conf5-3-./batchseries13/batch00-05,.625,-362.66204123,0.796679
conf5-3-./batchseries13/batch00-06,.625,-362.99735017,0.848674
conf5-3-./batchseries13/batch00-07,.625,-362.77755749,0.788076
conf5-3-./batchseries13/batch00-08,.625,-362.76718610,0.788735
conf5-3-./batchseries13/batch00-09,.625,-362.78958070,0.806807
conf5-3-./batchseries13/batch00-10,.625,-362.33952576,0.634877
conf5-3-./batchseries13/batch01-01,.625,-362.92392307,0.852814
conf5-3-./batchseries13/batch01-02,.625,-362.89471190,0.825351
conf5-3-./batchseries13/batch01-03,.625,-362.67515809,0.72689
conf5-3-./batchseries13/batch01-04,.625,-362.75833026,0.802786
conf5-3-./batchseries13/batch01-05,.625,-362.83876975,0.852105
conf5-3-./batchseries13/batch01-06,.625,-362.78760139,0.824106
conf5-3-./batchseries13/batch01-07,.625,-362.84168576,0.798527
conf5-3-./batchseries13/batch01-08,.625,-362.89814512,0.81599
conf5-3-./batchseries13/batch01-09,.625,-362.75156846,0.845757
conf5-3-./batchseries13/batch01-10,.625,-362.74870456,0.810394
conf5-3-./batchseries14/batch00-01,.625,-362.87257971,0.833121
conf5-3-./batchseries14/batch00-02,.625,-362.90881531,0.823941
conf5-3-./batchseries14/batch00-03,.625,-362.78448806,0.816179
conf5-3-./batchseries14/batch00-04,.625,-362.78158394,0.812003
conf5-3-./batchseries14/batch00-05,.625,-362.45167283,0.653847
conf5-3-./batchseries14/batch00-06,.625,-362.68434083,0.747975
conf5-3-./batchseries14/batch00-07,.625,-362.44555846,0.667821
conf5-3-./batchseries14/batch00-08,.625,-362.74304739,0.810056
conf5-3-./batchseries14/batch00-09,.625,-362.52667601,0.727821
conf5-3-./batchseries14/batch00-10,.625,-362.78030862,0.841117
conf5-3-./batchseries14/batch01-01,.625,-362.78596823,0.823377
conf5-3-./batchseries14/batch01-02,.625,-362.81382370,0.7846
conf5-3-./batchseries14/batch01-03,.625,-362.51559182,0.785242
conf5-3-./batchseries14/batch01-04,.625,-362.78532098,0.836298
conf5-3-./batchseries14/batch01-05,.625,-362.54012153,0.744247
conf5-3-./batchseries14/batch01-06,.625,-362.92146230,0.853958
conf5-3-./batchseries14/batch01-07,.625,-362.83310820,0.784857
conf5-3-./batchseries14/batch01-08,.625,-362.81830032,0.784836
conf5-3-./batchseries14/batch01-09,.625,-362.44075335,0.656527
conf5-3-./batchseries14/batch01-10,.625,-362.76811795,0.818252
conf5-3-./batchseries15/batch00-01,.625,-362.65315708,0.752791
conf5-3-./batchseries15/batch00-02,.625,-362.74842754,0.814173
conf5-3-./batchseries15/batch00-03,.625,-362.79405311,0.826449
conf5-3-./batchseries15/batch00-04,.625,-362.70239778,0.745112
conf5-3-./batchseries15/batch00-05,.625,-362.36893124,0.667863
conf5-3-./batchseries15/batch00-06,.625,-362.82512741,0.78177
conf5-3-./batchseries15/batch00-07,.625,-362.74179991,0.805598
conf5-3-./batchseries15/batch00-08,.625,-362.79959188,0.799523
conf5-3-./batchseries15/batch00-09,.625,-362.85090315,0.800272
conf5-3-./batchseries15/batch00-10,.625,-362.78441935,0.80902
conf5-3-./batchseries15/batch01-01,.625,-362.67297305,0.710354
conf5-3-./batchseries15/batch01-02,.625,-362.89122430,0.828635
conf5-3-./batchseries15/batch01-03,.625,-362.66829826,0.722791
conf5-3-./batchseries15/batch01-04,.625,-362.80869461,0.81407
conf5-3-./batchseries15/batch01-05,.625,-362.91498240,0.855454
conf5-3-./batchseries15/batch01-06,.625,-362.86046144,0.835337
conf5-3-./batchseries15/batch01-07,.625,-362.74595895,0.78397
conf5-3-./batchseries15/batch01-08,.625,-362.76438851,0.833516
conf5-3-./batchseries15/batch01-09,.625,-362.68877948,0.782025
conf5-3-./batchseries15/batch01-10,.625,-362.72478883,0.796233
conf5-3-./batchseries16/batch00-01,.625,-362.72657413,0.793009
conf5-3-./batchseries16/batch00-02,.625,-362.73941788,0.797125
conf5-3-./batchseries16/batch00-03,.625,-362.86359571,0.820597
conf5-3-./batchseries16/batch00-04,.625,-362.97345422,0.818766
conf5-3-./batchseries16/batch00-05,.625,-362.41266956,0.672569
conf5-3-./batchseries16/batch00-06,.625,-362.85423593,0.81097
conf5-3-./batchseries16/batch00-07,.625,-362.30765247,0.672815
conf5-3-./batchseries16/batch00-08,.625,-362.80038059,0.813391
conf5-3-./batchseries16/batch00-09,.625,-362.77864816,0.740567
conf5-3-./batchseries16/batch00-10,.625,-362.84788404,0.81545
conf5-3-./batchseries16/batch01-01,.625,-362.59785709,0.707688
conf5-3-./batchseries16/batch01-02,.625,-362.80151840,0.816857
conf5-3-./batchseries16/batch01-03,.625,-362.76424442,0.775217
conf5-3-./batchseries16/batch01-04,.625,-362.69826835,0.801421
conf5-3-./batchseries16/batch01-05,.625,-362.81363340,0.810624
conf5-3-./batchseries16/batch01-06,.625,-362.80154446,0.800135
conf5-3-./batchseries16/batch01-07,.625,-362.87274963,0.82895
conf5-3-./batchseries16/batch01-08,.625,-362.59460181,0.698984
conf5-3-./batchseries16/batch01-09,.625,-362.72502076,0.774794
conf5-3-./batchseries16/batch01-10,.625,-362.60790381,0.704128
conf5-3-./batchseries17/batch00-01,.625,-362.86958224,0.807534
conf5-3-./batchseries17/batch00-02,.625,-362.85353371,0.853225
conf5-3-./batchseries17/batch00-03,.625,-362.72963226,0.79792
conf5-3-./batchseries17/batch00-04,.625,-362.72679976,0.796381
conf5-3-./batchseries17/batch00-05,.625,-362.70597414,0.74179
conf5-3-./batchseries17/batch00-06,.625,-362.85411079,0.782342
conf5-3-./batchseries17/batch00-07,.625,-362.28095067,0.603725
conf5-3-./batchseries17/batch00-08,.625,-362.63849782,0.69284
conf5-3-./batchseries17/batch00-09,.625,-362.44621745,0.703701
conf5-3-./batchseries17/batch00-10,.625,-362.72653355,0.779607
conf5-3-./batchseries17/batch01-01,.625,-362.83726314,0.847009
conf5-3-./batchseries17/batch01-02,.625,-362.36074028,0.628224
conf5-3-./batchseries17/batch01-03,.625,-362.89155296,0.849452
conf5-3-./batchseries17/batch01-04,.625,-362.66735143,0.692237
conf5-3-./batchseries17/batch01-05,.625,-362.97053685,0.823707
conf5-3-./batchseries17/batch01-06,.625,-362.84787349,0.809919
conf5-3-./batchseries17/batch01-07,.625,-362.79522525,0.812816
conf5-3-./batchseries17/batch01-08,.625,-362.68585021,0.736613
conf5-3-./batchseries17/batch01-09,.625,-362.68214644,0.739559
conf5-3-./batchseries17/batch01-10,.625,-362.61235276,0.705578
conf5-3-./batchseries18/batch00-01,.625,-362.50273041,0.670077
conf5-3-./batchseries18/batch00-02,.625,-362.69558824,0.807333
conf5-3-./batchseries18/batch00-03,.625,-362.64135026,0.693971
conf5-3-./batchseries18/batch00-04,.625,-362.78624543,0.793026
conf5-3-./batchseries18/batch00-05,.625,-362.78315823,0.738143
conf5-3-./batchseries18/batch00-06,.625,-362.72679386,0.796452
conf5-3-./batchseries18/batch00-07,.625,-362.75521001,0.810979
conf5-3-./batchseries18/batch00-08,.625,-362.86083915,0.803986
conf5-3-./batchseries18/batch00-09,.625,-362.99598153,0.856499
conf5-3-./batchseries18/batch00-10,.625,-362.83374516,0.843088
conf5-3-./batchseries18/batch01-01,.625,-362.62404770,0.737684
conf5-3-./batchseries18/batch01-02,.625,-362.79121126,0.814375
conf5-3-./batchseries18/batch01-03,.625,-362.71506821,0.789813
conf5-3-./batchseries18/batch01-04,.625,-362.94123377,0.81654
conf5-3-./batchseries18/batch01-05,.625,-362.73911955,0.728428
conf5-3-./batchseries18/batch01-06,.625,-362.70042884,0.739274
conf5-3-./batchseries18/batch01-07,.625,-362.81549981,0.807411
conf5-3-./batchseries18/batch01-08,.625,-362.80320672,0.813415
conf5-3-./batchseries18/batch01-09,.625,-362.78213287,0.830961
conf5-3-./batchseries18/batch01-10,.625,-362.67520558,0.717275
conf5-3-./batchseries19/batch00-01,.625,-362.68862042,0.724359
conf5-3-./batchseries19/batch00-02,.625,-362.77120898,0.823123
conf5-3-./batchseries19/batch00-03,.625,-362.45610595,0.769136
conf5-3-./batchseries19/batch00-04,.625,-362.66590811,0.711449
conf5-3-./batchseries19/batch00-05,.625,-362.66915950,0.72931
conf5-3-./batchseries19/batch00-06,.625,-362.30999447,0.643679
conf5-3-./batchseries19/batch00-07,.625,-362.74726415,0.7793
conf5-3-./batchseries19/batch00-08,.625,-362.89957107,0.869128
conf5-3-./batchseries19/batch00-09,.625,-362.71312563,0.787103
conf5-3-./batchseries19/batch00-10,.625,-362.78746847,0.791972
conf5-3-./batchseries19/batch01-01,.625,-362.84357146,0.824707
conf5-3-./batchseries19/batch01-02,.625,-362.89074588,0.838457
conf5-3-./batchseries19/batch01-03,.625,-362.82551251,0.856187
conf5-3-./batchseries19/batch01-04,.625,-362.78784206,0.823702
conf5-3-./batchseries19/batch01-05,.625,-362.34828700,0.668276
conf5-3-./batchseries19/batch01-06,.625,-362.75369815,0.821404
conf5-3-./batchseries19/batch01-07,.625,-362.76537578,0.808859
conf5-3-./batchseries19/batch01-08,.625,-362.93751085,0.828801
conf5-3-./batchseries19/batch01-09,.625,-362.77150208,0.737015
conf5-3-./batchseries19/batch01-10,.625,-362.76214138,0.828266
conf6-2-./batchseries00/batch00-01,.750,-362.85457556,0.807995
conf6-2-./batchseries00/batch00-02,.750,-362.85456564,0.801083
conf6-2-./batchseries00/batch00-03,.750,-363.06906614,0.850857
conf6-2-./batchseries00/batch00-04,.750,-362.99919599,0.840641
conf6-2-./batchseries00/batch00-05,.750,-362.88281856,0.76744
conf6-2-./batchseries00/batch00-06,.750,-362.96879091,0.815339
conf6-2-./batchseries00/batch00-07,.750,-362.84592932,0.807507
conf6-2-./batchseries00/batch00-08,.750,-362.48624315,0.605815
conf6-2-./batchseries00/batch00-09,.750,-362.68413390,0.753532
conf6-2-./batchseries00/batch00-10,.750,-362.95851069,0.835884
conf6-2-./batchseries00/batch01-01,.750,-362.85284197,0.772547
conf6-2-./batchseries00/batch01-02,.750,-363.01365309,0.848437
conf6-2-./batchseries00/batch01-03,.750,-362.96585734,0.791533
conf6-2-./batchseries00/batch01-04,.750,-362.73984227,0.84368
conf6-2-./batchseries00/batch01-05,.750,-362.93226919,0.783539
conf6-2-./batchseries00/batch01-06,.750,-362.99811354,0.839218
conf6-2-./batchseries00/batch01-07,.750,-362.70856859,0.712833
conf6-2-./batchseries00/batch01-08,.750,-362.97429792,0.83915
conf6-2-./batchseries00/batch01-09,.750,-363.00796917,0.807901
conf6-2-./batchseries00/batch01-10,.750,-362.99461783,0.807363
conf6-2-./batchseries01/batch00-01,.750,-363.01349534,0.82183
conf6-2-./batchseries01/batch00-02,.750,-363.19209795,0.852239
conf6-2-./batchseries01/batch00-03,.750,-363.03483105,0.843399
conf6-2-./batchseries01/batch00-04,.750,-362.89010712,0.765307
conf6-2-./batchseries01/batch00-05,.750,-362.57674683,0.608285
conf6-2-./batchseries01/batch00-06,.750,-362.87877135,0.764219
conf6-2-./batchseries01/batch00-07,.750,-362.99464648,0.853791
conf6-2-./batchseries01/batch00-08,.750,-363.12291109,0.778333
conf6-2-./batchseries01/batch00-09,.750,-362.73007662,0.754307
conf6-2-./batchseries01/batch00-10,.750,-362.89842186,0.845001
conf6-2-./batchseries01/batch01-01,.750,-363.04254637,0.84197
conf6-2-./batchseries01/batch01-02,.750,-363.03126290,0.885267
conf6-2-./batchseries01/batch01-03,.750,-362.88041677,0.782056
conf6-2-./batchseries01/batch01-04,.750,-362.80753109,0.756203
conf6-2-./batchseries01/batch01-05,.750,-363.04453908,0.865261
conf6-2-./batchseries01/batch01-06,.750,-362.85186560,0.738707
conf6-2-./batchseries01/batch01-07,.750,-363.11103713,0.848089
conf6-2-./batchseries01/batch01-08,.750,-363.07887895,0.837893
conf6-2-./batchseries01/batch01-09,.750,-362.89327437,0.79767
conf6-2-./batchseries01/batch01-10,.750,-362.74379265,0.651633
conf6-2-./batchseries02/batch00-01,.750,-362.94731183,0.789937
conf6-2-./batchseries02/batch00-02,.750,-362.58423062,0.645196
conf6-2-./batchseries02/batch00-03,.750,-362.97441278,0.884476
conf6-2-./batchseries02/batch00-04,.750,-362.95730739,0.752667
conf6-2-./batchseries02/batch00-05,.750,-362.84346242,0.754973
conf6-2-./batchseries02/batch00-06,.750,-362.64217576,0.627863
conf6-2-./batchseries02/batch00-07,.750,-362.89870669,0.761788
conf6-2-./batchseries02/batch00-08,.750,-362.85344811,0.780389
conf6-2-./batchseries02/batch00-09,.750,-362.81176056,0.758194
conf6-2-./batchseries02/batch00-10,.750,-362.81442356,0.728345
conf6-2-./batchseries02/batch01-01,.750,-363.01370673,0.838083
conf6-2-./batchseries02/batch01-02,.750,-362.87304269,0.759461
conf6-2-./batchseries02/batch01-03,.750,-363.12637957,0.834927
conf6-2-./batchseries02/batch01-04,.750,-363.09492039,0.846988
conf6-2-./batchseries02/batch01-05,.750,-363.09715810,0.817081
conf6-2-./batchseries02/batch01-06,.750,-362.96490423,0.836365
conf6-2-./batchseries02/batch01-07,.750,-362.88252253,0.787388
conf6-2-./batchseries02/batch01-08,.750,-362.95354947,0.84115
conf6-2-./batchseries02/batch01-09,.750,-362.99403308,0.786109
conf6-2-./batchseries02/batch01-10,.750,-363.20816568,0.869008
conf6-2-./batchseries03/batch00-01,.750,-362.95409123,0.845314
conf6-2-./batchseries03/batch00-02,.750,-362.97168787,0.815483
conf6-2-./batchseries03/batch00-03,.750,-362.96044231,0.79147
conf6-2-./batchseries03/batch00-04,.750,-362.96034998,0.822321
conf6-2-./batchseries03/batch00-05,.750,-362.59827404,0.622493
conf6-2-./batchseries03/batch00-06,.750,-363.04037276,0.825236
conf6-2-./batchseries03/batch00-07,.750,-363.00156152,0.808516
conf6-2-./batchseries03/batch00-08,.750,-363.09488297,0.825974
conf6-2-./batchseries03/batch00-09,.750,-363.05226625,0.868756
conf6-2-./batchseries03/batch00-10,.750,-363.22179384,0.861581
conf6-2-./batchseries03/batch01-01,.750,-363.00757198,0.8552
conf6-2-./batchseries03/batch01-02,.750,-363.20981881,0.874134
conf6-2-./batchseries03/batch01-03,.750,-362.84941560,0.742462
conf6-2-./batchseries03/batch01-04,.750,-362.99293190,0.825264
conf6-2-./batchseries03/batch01-05,.750,-362.72799684,0.747461
conf6-2-./batchseries03/batch01-06,.750,-362.63656288,0.660369
conf6-2-./batchseries03/batch01-07,.750,-363.23231877,0.863978
conf6-2-./batchseries03/batch01-08,.750,-363.01237136,0.798875
conf6-2-./batchseries03/batch01-09,.750,-362.86940544,0.769608
conf6-2-./batchseries03/batch01-10,.750,-362.93316181,0.799549
conf6-2-./batchseries04/batch00-01,.750,-363.01934125,0.857405
conf6-2-./batchseries04/batch00-02,.750,-363.05789195,0.796836
conf6-2-./batchseries04/batch00-03,.750,-362.85995137,0.770796
conf6-2-./batchseries04/batch00-04,.750,-363.00768335,0.789158
conf6-2-./batchseries04/batch00-05,.750,-362.85541872,0.846308
conf6-2-./batchseries04/batch00-06,.750,-362.99450401,0.844789
conf6-2-./batchseries04/batch00-07,.750,-362.86867082,0.786267
conf6-2-./batchseries04/batch00-08,.750,-362.98716740,0.790512
conf6-2-./batchseries04/batch00-09,.750,-362.93151136,0.777904
conf6-2-./batchseries04/batch00-10,.750,-362.85247035,0.751859
conf6-2-./batchseries04/batch01-01,.750,-362.70331061,0.692718
conf6-2-./batchseries04/batch01-02,.750,-362.97263094,0.791047
conf6-2-./batchseries04/batch01-03,.750,-363.14836978,0.860632
conf6-2-./batchseries04/batch01-04,.750,-362.88226345,0.841621
conf6-2-./batchseries04/batch01-05,.750,-363.03246068,0.852985
conf6-2-./batchseries04/batch01-06,.750,-363.04997698,0.862848
conf6-2-./batchseries04/batch01-07,.750,-363.01479660,0.829148
conf6-2-./batchseries04/batch01-08,.750,-362.98829238,0.806225
conf6-2-./batchseries04/batch01-09,.750,-362.97378783,0.820778
conf6-2-./batchseries04/batch01-10,.750,-362.97619170,0.808886
conf6-2-./batchseries05/batch00-01,.750,-362.66949376,0.733832
conf6-2-./batchseries05/batch00-02,.750,-362.95053865,0.779349
conf6-2-./batchseries05/batch00-03,.750,-362.82824401,0.75801
conf6-2-./batchseries05/batch00-04,.750,-362.89612286,0.84198
conf6-2-./batchseries05/batch00-05,.750,-362.89795176,0.766337
conf6-2-./batchseries05/batch00-06,.750,-363.14642639,0.871092
conf6-2-./batchseries05/batch00-07,.750,-362.79468036,0.808573
conf6-2-./batchseries05/batch00-08,.750,-362.80743765,0.755571
conf6-2-./batchseries05/batch00-09,.750,-363.09356346,0.819508
conf6-2-./batchseries05/batch00-10,.750,-363.11378447,0.856626
conf6-2-./batchseries05/batch01-01,.750,-363.00711781,0.802281
conf6-2-./batchseries05/batch01-02,.750,-362.56306502,0.613758
conf6-2-./batchseries05/batch01-03,.750,-362.79527383,0.720498
conf6-2-./batchseries05/batch01-04,.750,-362.87511406,0.824242
conf6-2-./batchseries05/batch01-05,.750,-363.17072912,0.870546
conf6-2-./batchseries05/batch01-06,.750,-363.02264710,0.849518
conf6-2-./batchseries05/batch01-07,.750,-363.11621187,0.860208
conf6-2-./batchseries05/batch01-08,.750,-362.85993267,0.812952
conf6-2-./batchseries05/batch01-09,.750,-363.16803451,0.851379
conf6-2-./batchseries05/batch01-10,.750,-362.79878629,0.755786
conf6-2-./batchseries06/batch00-01,.750,-362.73794536,0.729297
conf6-2-./batchseries06/batch00-02,.750,-362.73536474,0.717012
conf6-2-./batchseries06/batch00-03,.750,-362.67359226,0.742879
conf6-2-./batchseries06/batch00-04,.750,-363.05116602,0.854735
conf6-2-./batchseries06/batch00-05,.750,-363.01970618,0.873672
conf6-2-./batchseries06/batch00-06,.750,-362.89964887,0.784326
conf6-2-./batchseries06/batch00-07,.750,-362.86126370,0.823489
conf6-2-./batchseries06/batch00-08,.750,-362.92855334,0.834941
conf6-2-./batchseries06/batch00-09,.750,-362.76536117,0.759842
conf6-2-./batchseries06/batch00-10,.750,-362.98723142,0.852476
conf6-2-./batchseries06/batch01-01,.750,-362.84414205,0.86704
conf6-2-./batchseries06/batch01-02,.750,-363.04211573,0.837764
conf6-2-./batchseries06/batch01-03,.750,-362.92123457,0.777768
conf6-2-./batchseries06/batch01-04,.750,-362.99565517,0.851901
conf6-2-./batchseries06/batch01-05,.750,-362.75270727,0.760963
conf6-2-./batchseries06/batch01-06,.750,-363.08744271,0.793505
conf6-2-./batchseries06/batch01-07,.750,-362.69072294,0.72053
conf6-2-./batchseries06/batch01-08,.750,-362.87045345,0.766792
conf6-2-./batchseries06/batch01-09,.750,-362.83999973,0.814906
conf6-2-./batchseries06/batch01-10,.750,-363.07737371,0.87964
conf6-2-./batchseries07/batch00-01,.750,-363.02361998,0.861072
conf6-2-./batchseries07/batch00-02,.750,-363.03752728,0.766912
conf6-2-./batchseries07/batch00-03,.750,-362.76182680,0.696056
conf6-2-./batchseries07/batch00-04,.750,-363.17395538,0.868353
conf6-2-./batchseries07/batch00-05,.750,-362.91449503,0.862688
conf6-2-./batchseries07/batch00-06,.750,-362.71136998,0.706166
conf6-2-./batchseries07/batch00-07,.750,-362.79108437,0.736113
conf6-2-./batchseries07/batch00-08,.750,-362.97785888,0.789197
conf6-2-./batchseries07/batch00-09,.750,-363.02253496,0.839817
conf6-2-./batchseries07/batch00-10,.750,-362.99968439,0.776377
conf6-2-./batchseries07/batch01-01,.750,-362.99622325,0.830062
conf6-2-./batchseries07/batch01-02,.750,-362.82443360,0.757825
conf6-2-./batchseries07/batch01-03,.750,-362.98593000,0.812624
conf6-2-./batchseries07/batch01-04,.750,-363.15648505,0.868085
conf6-2-./batchseries07/batch01-05,.750,-362.86484335,0.77638
conf6-2-./batchseries07/batch01-06,.750,-362.88765051,0.801391
conf6-2-./batchseries07/batch01-07,.750,-363.03140694,0.884538
conf6-2-./batchseries07/batch01-08,.750,-362.93909758,0.847634
conf6-2-./batchseries07/batch01-09,.750,-362.71315715,0.6534
conf6-2-./batchseries07/batch01-10,.750,-363.02421228,0.811104
conf6-2-./batchseries08/batch00-01,.750,-362.97417516,0.789309
conf6-2-./batchseries08/batch00-02,.750,-362.94542696,0.797335
conf6-2-./batchseries08/batch00-03,.750,-363.01238422,0.866747
conf6-2-./batchseries08/batch00-04,.750,-362.81186081,0.721787
conf6-2-./batchseries08/batch00-05,.750,-362.98383246,0.803139
conf6-2-./batchseries08/batch00-06,.750,-362.88207551,0.763815
conf6-2-./batchseries08/batch00-07,.750,-362.93519537,0.832332
conf6-2-./batchseries08/batch00-08,.750,-363.14724308,0.85414
conf6-2-./batchseries08/batch00-09,.750,-362.89932152,0.804175
conf6-2-./batchseries08/batch00-10,.750,-362.76307143,0.76773
conf6-2-./batchseries08/batch01-01,.750,-363.01330590,0.816393
conf6-2-./batchseries08/batch01-02,.750,-363.08590265,0.856084
conf6-2-./batchseries08/batch01-03,.750,-362.87040068,0.757302
conf6-2-./batchseries08/batch01-04,.750,-363.01280680,0.747863
conf6-2-./batchseries08/batch01-05,.750,-362.84912114,0.81743
conf6-2-./batchseries08/batch01-06,.750,-362.85422518,0.834049
conf6-2-./batchseries08/batch01-07,.750,-362.98469082,0.772703
conf6-2-./batchseries08/batch01-08,.750,-362.82683639,0.775094
conf6-2-./batchseries08/batch01-09,.750,-362.99891398,0.84637
conf6-2-./batchseries08/batch01-10,.750,-363.13736407,0.8461
conf6-2-./batchseries09/batch00-01,.750,-363.13450200,0.877826
conf6-2-./batchseries09/batch00-02,.750,-362.81142946,0.753104
conf6-2-./batchseries09/batch00-03,.750,-362.96991312,0.890478
conf6-2-./batchseries09/batch00-04,.750,-363.04874082,0.853485
conf6-2-./batchseries09/batch00-05,.750,-362.90907685,0.804404
conf6-2-./batchseries09/batch00-06,.750,-363.11888145,0.858573
conf6-2-./batchseries09/batch00-07,.750,-362.90376761,0.844722
conf6-2-./batchseries09/batch00-08,.750,-362.81353794,0.83868
conf6-2-./batchseries09/batch00-09,.750,-362.99831282,0.831844
conf6-2-./batchseries09/batch00-10,.750,-363.02502734,0.859071
conf6-2-./batchseries09/batch01-01,.750,-362.87094170,0.766555
conf6-2-./batchseries09/batch01-02,.750,-362.91069881,0.846607
conf6-2-./batchseries09/batch01-03,.750,-362.94781697,0.827565
conf6-2-./batchseries09/batch01-04,.750,-363.09707609,0.81404
conf6-2-./batchseries09/batch01-05,.750,-362.99686383,0.855147
conf6-2-./batchseries09/batch01-06,.750,-363.06387263,0.862198
conf6-2-./batchseries09/batch01-07,.750,-362.84739905,0.830507
conf6-2-./batchseries09/batch01-08,.750,-362.96062403,0.798743
conf6-2-./batchseries09/batch01-09,.750,-362.79351190,0.728061
conf6-2-./batchseries09/batch01-10,.750,-363.00327660,0.790837
conf6-2-./batchseries10/batch00-01,.750,-362.73125199,0.7525
conf6-2-./batchseries10/batch00-02,.750,-363.10798783,0.840768
conf6-2-./batchseries10/batch00-03,.750,-362.97985035,0.792657
conf6-2-./batchseries10/batch00-04,.750,-362.87914570,0.78186
conf6-2-./batchseries10/batch00-05,.750,-362.57409906,0.683055
conf6-2-./batchseries10/batch00-06,.750,-363.02375094,0.899855
conf6-2-./batchseries10/batch00-07,.750,-362.58049881,0.651078
conf6-2-./batchseries10/batch00-08,.750,-363.17708293,0.853112
conf6-2-./batchseries10/batch00-09,.750,-362.92994900,0.775862
conf6-2-./batchseries10/batch00-10,.750,-362.92479384,0.748867
conf6-2-./batchseries10/batch01-01,.750,-363.08898015,0.841556
conf6-2-./batchseries10/batch01-02,.750,-362.94185531,0.766099
conf6-2-./batchseries10/batch01-03,.750,-362.75944546,0.758169
conf6-2-./batchseries10/batch01-04,.750,-362.98512919,0.835366
conf6-2-./batchseries10/batch01-05,.750,-362.85123881,0.811642
conf6-2-./batchseries10/batch01-06,.750,-362.92682573,0.816996
conf6-2-./batchseries10/batch01-07,.750,-362.73989998,0.651819
conf6-2-./batchseries10/batch01-08,.750,-362.88194753,0.775911
conf6-2-./batchseries10/batch01-09,.750,-363.09422352,0.799019
conf6-2-./batchseries10/batch01-10,.750,-363.01054377,0.86495
conf6-2-./batchseries11/batch00-01,.750,-363.13345421,0.854068
conf6-2-./batchseries11/batch00-02,.750,-362.93476210,0.772991
conf6-2-./batchseries11/batch00-03,.750,-363.01719011,0.884813
conf6-2-./batchseries11/batch00-04,.750,-362.99018348,0.781231
conf6-2-./batchseries11/batch00-05,.750,-362.89247568,0.84549
conf6-2-./batchseries11/batch00-06,.750,-362.84550509,0.835055
conf6-2-./batchseries11/batch00-07,.750,-363.01256520,0.771844
conf6-2-./batchseries11/batch00-08,.750,-362.73489156,0.716772
conf6-2-./batchseries11/batch00-09,.750,-363.04809420,0.840696
conf6-2-./batchseries11/batch00-10,.750,-362.98458593,0.809473
conf6-2-./batchseries11/batch01-01,.750,-363.21993228,0.882703
conf6-2-./batchseries11/batch01-02,.750,-362.86843184,0.781806
conf6-2-./batchseries11/batch01-03,.750,-362.88478924,0.765141
conf6-2-./batchseries11/batch01-04,.750,-362.99589074,0.849494
conf6-2-./batchseries11/batch01-05,.750,-362.86034112,0.732634
conf6-2-./batchseries11/batch01-06,.750,-363.11703475,0.879042
conf6-2-./batchseries11/batch01-07,.750,-362.87150441,0.78464
conf6-2-./batchseries11/batch01-08,.750,-362.95471241,0.76863
conf6-2-./batchseries11/batch01-09,.750,-363.05687590,0.856536
conf6-2-./batchseries11/batch01-10,.750,-363.14399214,0.854903
conf6-2-./batchseries12/batch00-01,.750,-362.87471060,0.774588
conf6-2-./batchseries12/batch00-02,.750,-362.87634751,0.826222
conf6-2-./batchseries12/batch00-03,.750,-362.74400445,0.751261
conf6-2-./batchseries12/batch00-04,.750,-362.87422376,0.778525
conf6-2-./batchseries12/batch00-05,.750,-363.19303015,0.868344
conf6-2-./batchseries12/batch00-06,.750,-362.79350940,0.735254
conf6-2-./batchseries12/batch00-07,.750,-363.03649402,0.811949
conf6-2-./batchseries12/batch00-08,.750,-362.89753951,0.786269
conf6-2-./batchseries12/batch00-09,.750,-362.93188388,0.786528
conf6-2-./batchseries12/batch00-10,.750,-362.83121073,0.780157
conf6-2-./batchseries12/batch01-01,.750,-362.75908124,0.779704
conf6-2-./batchseries12/batch01-02,.750,-362.75211452,0.726613
conf6-2-./batchseries12/batch01-03,.750,-362.99183010,0.840833
conf6-2-./batchseries12/batch01-04,.750,-362.95634352,0.774587
conf6-2-./batchseries12/batch01-05,.750,-362.99713235,0.791755
conf6-2-./batchseries12/batch01-06,.750,-363.08666473,0.849662
conf6-2-./batchseries12/batch01-07,.750,-363.07207393,0.868605
conf6-2-./batchseries12/batch01-08,.750,-362.97466005,0.767985
conf6-2-./batchseries12/batch01-09,.750,-363.12531143,0.863309
conf6-2-./batchseries12/batch01-10,.750,-362.95617328,0.785202
conf6-2-./batchseries13/batch00-01,.750,-363.15078687,0.858653
conf6-2-./batchseries13/batch00-02,.750,-362.87186884,0.773003
conf6-2-./batchseries13/batch00-03,.750,-362.97728697,0.844176
conf6-2-./batchseries13/batch00-04,.750,-363.17448627,0.870263
conf6-2-./batchseries13/batch00-05,.750,-363.09283420,0.793156
conf6-2-./batchseries13/batch00-06,.750,-363.21427642,0.873883
conf6-2-./batchseries13/batch00-07,.750,-362.83988749,0.78399
conf6-2-./batchseries13/batch00-08,.750,-362.98513163,0.789431
conf6-2-./batchseries13/batch00-09,.750,-362.68258145,0.707224
conf6-2-./batchseries13/batch00-10,.750,-362.74858835,0.751767
conf6-2-./batchseries13/batch01-01,.750,-363.02174517,0.809123
conf6-2-./batchseries13/batch01-02,.750,-362.76154660,0.747292
conf6-2-./batchseries13/batch01-03,.750,-362.93231672,0.765762
conf6-2-./batchseries13/batch01-04,.750,-363.17445463,0.879937
conf6-2-./batchseries13/batch01-05,.750,-362.88953237,0.786884
conf6-2-./batchseries13/batch01-06,.750,-363.05024631,0.864246
conf6-2-./batchseries13/batch01-07,.750,-362.95895503,0.758002
conf6-2-./batchseries13/batch01-08,.750,-362.86286854,0.747949
conf6-2-./batchseries13/batch01-09,.750,-362.87829435,0.752748
conf6-2-./batchseries13/batch01-10,.750,-362.95913075,0.769905
conf6-2-./batchseries14/batch00-01,.750,-362.94789123,0.792108
conf6-2-./batchseries14/batch00-02,.750,-362.73992864,0.7658
conf6-2-./batchseries14/batch00-03,.750,-362.84566337,0.745167
conf6-2-./batchseries14/batch00-04,.750,-362.93858063,0.840273
conf6-2-./batchseries14/batch00-05,.750,-362.99385020,0.800401
conf6-2-./batchseries14/batch00-06,.750,-362.84941372,0.772098
conf6-2-./batchseries14/batch00-07,.750,-362.57945968,0.681104
conf6-2-./batchseries14/batch00-08,.750,-363.11150746,0.891658
conf6-2-./batchseries14/batch00-09,.750,-362.74963336,0.754454
conf6-2-./batchseries14/batch00-10,.750,-362.98763498,0.828334
conf6-2-./batchseries14/batch01-01,.750,-363.10813323,0.859548
conf6-2-./batchseries14/batch01-02,.750,-362.69046641,0.755607
conf6-2-./batchseries14/batch01-03,.750,-363.02956089,0.830889
conf6-2-./batchseries14/batch01-04,.750,-363.17189999,0.866315
conf6-2-./batchseries14/batch01-05,.750,-363.14723177,0.860818
conf6-2-./batchseries14/batch01-06,.750,-362.75577300,0.743288
conf6-2-./batchseries14/batch01-07,.750,-362.92352602,0.759054
conf6-2-./batchseries14/batch01-08,.750,-363.01520740,0.837152
conf6-2-./batchseries14/batch01-09,.750,-362.92893155,0.763856
conf6-2-./batchseries14/batch01-10,.750,-362.86339981,0.800992
conf7-1-./batchseries00/batch00-01,.875,-362.67806789,0.632071
conf7-1-./batchseries00/batch00-02,.875,-363.17997581,0.896671
conf7-1-./batchseries00/batch00-03,.875,-363.23016516,0.851609
conf7-1-./batchseries00/batch00-04,.875,-363.09626384,0.816227
conf7-1-./batchseries00/batch00-05,.875,-363.08465876,0.887754
conf7-1-./batchseries00/batch00-06,.875,-362.81436489,0.709469
conf7-1-./batchseries00/batch00-07,.875,-363.08500950,0.821003
conf7-1-./batchseries00/batch00-08,.875,-363.07852383,0.802943
conf7-1-./batchseries00/batch00-09,.875,-363.15523350,0.808581
conf7-1-./batchseries00/batch00-10,.875,-363.16920702,0.83656
conf7-1-./batchseries00/batch01-01,.875,-363.24998677,0.832706
conf7-1-./batchseries00/batch01-02,.875,-363.03690746,0.805471
conf7-1-./batchseries00/batch01-03,.875,-363.09400475,0.80978
conf7-1-./batchseries00/batch01-04,.875,-363.16590960,0.83881
conf7-1-./batchseries00/batch01-05,.875,-362.90499568,0.698931
conf7-1-./batchseries00/batch01-06,.875,-363.33468338,0.8719
conf7-1-./batchseries00/batch01-07,.875,-363.34087314,0.904454
conf7-1-./batchseries00/batch01-08,.875,-363.27668451,0.874932
conf7-1-./batchseries00/batch01-09,.875,-363.16102098,0.78178
conf7-1-./batchseries00/batch01-10,.875,-363.20931887,0.903725
conf7-1-./batchseries01/batch00-01,.875,-363.32779232,0.887923
conf7-1-./batchseries01/batch00-02,.875,-363.05484755,0.749319
conf7-1-./batchseries01/batch00-03,.875,-363.02442168,0.839641
conf7-1-./batchseries01/batch00-04,.875,-363.10394086,0.867511
conf7-1-./batchseries01/batch00-05,.875,-363.11454529,0.825323
conf7-1-./batchseries01/batch00-06,.875,-363.15493820,0.877748
conf7-1-./batchseries01/batch00-07,.875,-363.10699778,0.816397
conf7-1-./batchseries01/batch00-08,.875,-363.05232554,0.828556
conf7-1-./batchseries01/batch00-09,.875,-363.16776679,0.821395
conf7-1-./batchseries01/batch00-10,.875,-362.91754846,0.788225
conf7-1-./batchseries01/batch01-01,.875,-362.98309703,0.789375
conf7-1-./batchseries01/batch01-02,.875,-363.10061060,0.847637
conf7-1-./batchseries01/batch01-03,.875,-363.39371314,0.901809
conf7-1-./batchseries01/batch01-04,.875,-363.17246010,0.903581
conf7-1-./batchseries01/batch01-05,.875,-363.20631528,0.833729
conf7-1-./batchseries01/batch01-06,.875,-362.96716198,0.821038
conf7-1-./batchseries01/batch01-07,.875,-362.87059047,0.745224
conf7-1-./batchseries01/batch01-08,.875,-363.13862960,0.810598
conf7-1-./batchseries01/batch01-09,.875,-363.30566772,0.894601
conf7-1-./batchseries01/batch01-10,.875,-363.16043194,0.837917
conf7-1-./batchseries02/batch00-01,.875,-363.17072592,0.861603
conf7-1-./batchseries02/batch00-02,.875,-363.24100869,0.904346
conf7-1-./batchseries02/batch00-03,.875,-363.05203692,0.835147
conf7-1-./batchseries02/batch00-04,.875,-363.23117854,0.891462
conf7-1-./batchseries02/batch00-05,.875,-363.05680871,0.761233
conf7-1-./batchseries02/batch00-06,.875,-362.85049784,0.688767
conf7-1-./batchseries02/batch00-07,.875,-362.98175002,0.754649
conf7-1-./batchseries02/batch00-08,.875,-363.11083165,0.888076
conf7-1-./batchseries02/batch00-09,.875,-363.05075158,0.831665
conf7-1-./batchseries02/batch00-10,.875,-363.16483735,0.809777
conf7-1-./batchseries02/batch01-01,.875,-363.04245317,0.808568
conf7-1-./batchseries02/batch01-02,.875,-363.08584519,0.801098
conf7-1-./batchseries02/batch01-03,.875,-363.00899746,0.818144
conf7-1-./batchseries02/batch01-04,.875,-363.27848244,0.819049
conf7-1-./batchseries02/batch01-05,.875,-363.05947821,0.838954
conf7-1-./batchseries02/batch01-06,.875,-363.11891369,0.811211
conf7-1-./batchseries02/batch01-07,.875,-363.10134970,0.808211
conf7-1-./batchseries02/batch01-08,.875,-362.98698674,0.831265
conf7-1-./batchseries02/batch01-09,.875,-362.87061369,0.767784
conf7-1-./batchseries02/batch01-10,.875,-363.13141729,0.878002
conf7-1-./batchseries03/batch00-01,.875,-363.15846908,0.818156
conf7-1-./batchseries03/batch00-02,.875,-363.42107149,0.890725
conf7-1-./batchseries03/batch00-03,.875,-363.28627921,0.880023
conf7-1-./batchseries03/batch00-04,.875,-363.05927597,0.834974
conf7-1-./batchseries03/batch00-05,.875,-363.05332410,0.873249
conf7-1-./batchseries03/batch00-06,.875,-363.10990127,0.823175
conf7-1-./batchseries03/batch00-07,.875,-363.00099588,0.81957
conf7-1-./batchseries03/batch00-08,.875,-363.30007588,0.890632
conf7-1-./batchseries03/batch00-09,.875,-363.17371505,0.817748
conf7-1-./batchseries03/batch00-10,.875,-363.23276732,0.898824
conf7-1-./batchseries03/batch01-01,.875,-363.16222117,0.813127
conf7-1-./batchseries03/batch01-02,.875,-363.16679575,0.838453
conf7-1-./batchseries03/batch01-03,.875,-363.33204847,0.873462
conf7-1-./batchseries03/batch01-04,.875,-363.39842826,0.87701
conf7-1-./batchseries03/batch01-05,.875,-363.01786111,0.783956
conf7-1-./batchseries03/batch01-06,.875,-363.01429717,0.734711
conf7-1-./batchseries03/batch01-07,.875,-363.16401337,0.8269
conf7-1-./batchseries03/batch01-08,.875,-363.05034407,0.812142
conf7-1-./batchseries03/batch01-09,.875,-363.18946323,0.910947
conf7-1-./batchseries03/batch01-10,.875,-363.21168120,0.836107
conf7-1-./batchseries04/batch00-01,.875,-362.93074560,0.780387
conf7-1-./batchseries04/batch00-02,.875,-362.94830654,0.774737
conf7-1-./batchseries04/batch00-03,.875,-363.09084368,0.860369
conf7-1-./batchseries04/batch00-04,.875,-363.26841283,0.877331
conf7-1-./batchseries04/batch00-05,.875,-363.23275579,0.888336
conf7-1-./batchseries04/batch00-06,.875,-362.93730720,0.745465
conf7-1-./batchseries04/batch00-07,.875,-363.32203973,0.869227
conf7-1-./batchseries04/batch00-08,.875,-362.90685922,0.689144
conf7-1-./batchseries04/batch00-09,.875,-363.06795330,0.837486
conf7-1-./batchseries04/batch00-10,.875,-363.04877749,0.833236
conf7-1-./batchseries04/batch01-01,.875,-363.09831722,0.81501
conf7-1-./batchseries04/batch01-02,.875,-362.92599324,0.765368
conf7-1-./batchseries04/batch01-03,.875,-363.08536464,0.811496
conf7-1-./batchseries04/batch01-04,.875,-363.06520122,0.795718
conf7-1-./batchseries04/batch01-05,.875,-363.04173348,0.810976
conf7-1-./batchseries04/batch01-06,.875,-363.26673324,0.855594
conf7-1-./batchseries04/batch01-07,.875,-363.39306619,0.892977
conf7-1-./batchseries04/batch01-08,.875,-363.01394352,0.825718
conf7-1-./batchseries04/batch01-09,.875,-363.16321825,0.863804
conf7-1-./batchseries04/batch01-10,.875,-363.21069729,0.839878
conf8-0-./batchseries00/batch00-01,1.000,-363.42051422,0.952975
conf8-0-./batchseries00/batch00-02,1.000,-363.24410634,0.879005
conf8-0-./batchseries00/batch00-03,1.000,-363.16739771,0.768128
conf8-0-./batchseries00/batch00-04,1.000,-363.30032232,0.83581
conf8-0-./batchseries00/batch00-05,1.000,-363.46376583,0.871863
conf8-0-./batchseries00/batch00-06,1.000,-363.19882692,0.893936
conf8-0-./batchseries00/batch00-07,1.000,-363.42076611,0.895534
conf8-0-./batchseries00/batch00-08,1.000,-363.35257994,0.899023
conf8-0-./batchseries00/batch00-09,1.000,-363.25255900,0.891472
conf8-0-./batchseries00/batch00-10,1.000,-363.19628995,0.920792
conf8-0-./batchseries00/batch01-01,1.000,-363.04835134,0.749811
conf8-0-./batchseries00/batch01-02,1.000,-363.18836786,0.88035
conf8-0-./batchseries00/batch01-03,1.000,-363.13306257,0.823223
conf8-0-./batchseries00/batch01-04,1.000,-363.42531477,0.951648
conf8-0-./batchseries00/batch01-05,1.000,-363.22576421,0.858116
conf8-0-./batchseries00/batch01-06,1.000,-363.24431900,0.876608
conf8-0-./batchseries00/batch01-07,1.000,-363.10170300,0.759361
conf8-0-./batchseries00/batch01-08,1.000,-363.25093296,0.894167
conf8-0-./batchseries00/batch01-09,1.000,-363.23414833,0.871758
conf8-0-./batchseries00/batch01-10,1.000,-363.17512313,0.858696
conf8-0-./batchseries01/batch00-01,1.000,-363.36058099,0.908222
conf8-0-./batchseries01/batch00-02,1.000,-363.48291828,0.896959
conf8-0-./batchseries01/batch00-03,1.000,-363.40825346,0.849613
conf8-0-./batchseries01/batch00-04,1.000,-363.36254187,0.874149
conf8-0-./batchseries01/batch00-05,1.000,-363.41404689,0.901368
conf8-0-./batchseries01/batch00-06,1.000,-363.41740595,0.888535
conf8-0-./batchseries01/batch00-07,1.000,-363.35904441,0.858852
conf8-0-./batchseries01/batch00-08,1.000,-363.18836660,0.822599
conf8-0-./batchseries01/batch00-09,1.000,-363.29553787,0.871342
conf8-0-./batchseries01/batch00-10,1.000,-363.30231148,0.839901
conf8-0-./batchseries01/batch01-01,1.000,-363.14007193,0.854004
conf8-0-./batchseries01/batch01-02,1.000,-363.31033269,0.926529
conf8-0-./batchseries01/batch01-03,1.000,-363.29126593,0.863241
conf8-0-./batchseries01/batch01-04,1.000,-363.07136643,0.788707
conf8-0-./batchseries01/batch01-05,1.000,-363.31441600,0.908218
conf8-0-./batchseries01/batch01-06,1.000,-363.53861805,0.925626
conf8-0-./batchseries01/batch01-07,1.000,-363.23863898,0.878115
conf8-0-./batchseries01/batch01-08,1.000,-363.29546568,0.839991
conf8-0-./batchseries01/batch01-09,1.000,-363.47345612,0.89773
conf8-0-./batchseries01/batch01-10,1.000,-363.15307108,0.761622
conf8-0-./batchseries01/batch02-01,1.000,-363.36646844,0.881625
conf8-0-./batchseries01/batch02-02,1.000,-363.41799838,0.874314
conf8-0-./batchseries01/batch02-03,1.000,-363.26311067,0.886268
conf8-0-./batchseries01/batch02-04,1.000,-363.41924773,0.863047
conf8-0-./batchseries01/batch02-05,1.000,-362.93654169,0.720094
conf8-0-./batchseries01/batch02-06,1.000,-363.14673967,0.764442
conf8-0-./batchseries01/batch02-07,1.000,-363.18442146,0.827965
conf8-0-./batchseries01/batch02-08,1.000,-363.25198725,0.873038
conf8-0-./batchseries01/batch02-09,1.000,-363.09708452,0.76035
conf8-0-./batchseries01/batch02-10,1.000,-363.18934421,0.833678
